<?xml version="1.0" encoding="UTF-8"?>
<beans:beans xmlns="http://www.springframework.org/schema/mvc"
	xmlns:xsi="http://www.w3.org/2001/XMLSchema-instance"
	xmlns:beans="http://www.springframework.org/schema/beans"
	xmlns:context="http://www.springframework.org/schema/context"
	xsi:schemaLocation="http://www.springframework.org/schema/mvc https://www.springframework.org/schema/mvc/spring-mvc.xsd
		http://www.springframework.org/schema/beans https://www.springframework.org/schema/beans/spring-beans.xsd
		http://www.springframework.org/schema/context https://www.springframework.org/schema/context/spring-context.xsd">

	
	<annotation-driven />

	
	<resources mapping="/resources/**" location="/resources/" />
	
	<!-- 타일즈 템플릿의 설정 -->
	<beans:bean id="tilesConfigurer" class="org.springframework.web.servlet.view.tiles3.TilesConfigurer">
		<beans:property name="definitions">
			<beans:list>
			<beans:value>/WEB-INF/tiles/tiles.xml</beans:value>
			</beans:list>
		</beans:property>
	</beans:bean>
	
	
	<!-- 타일즈 설정 -->
	<!-- 2가지 이상의 뷰 리졸버를 설정하려면 UrlBasedViewResolver를 사용해야 합니다.(순서를 지정) -->
	<beans:bean class="org.springframework.web.servlet.view.UrlBasedViewResolver">
		<beans:property name="viewClass" value="org.springframework.web.servlet.view.tiles3.TilesView" />
		<beans:property name="order" value="1" /><!-- 1번째로 동작 -->
		
		<!-- 
		request → servlet → controller → TilesView → InternalResourceView 
		TilesView에 해당하는것이 없으면 InternalResourceView로 넘어갑니다.
		-->
	</beans:bean>

	<!-- 기존에 존재하는 뷰리졸버 -->
	<beans:bean class="org.springframework.web.servlet.view.InternalResourceViewResolver">
		<beans:property name="prefix" value="/WEB-INF/views/" />
		<beans:property name="suffix" value=".jsp" />
		<beans:property name="order" value="2" /><!-- 2번째로 동작 -->
	</beans:bean>
	
	<!-- 어노테이션 bean생성 -->
	<context:component-scan base-package="com.team404.controller" />
	<context:component-scan base-package="com.team404.service" />
	
	
</beans:beans>
