<?xml version="1.0" encoding="UTF-8"?>
<!DOCTYPE mapper
  PUBLIC "-//mybatis.org//DTD Mapper 3.0//EN"
  "http://mybatis.org/dtd/mybatis-3-mapper.dtd">
<!-- dtd라는 파일을 참조하는 마이바티스 문서라는 것을 선언 -->

<!-- 구현 클래스의 위치 -->
<mapper namespace="com.team404.freeboard.mapper.FreeBoardMapper">
	
	<insert id="regist">
		insert into FREEBOARD(bno, title, writer, content)
		values(FREEBOARD_SEQ.nextval, #{title}, #{writer}, #{content} )
	</insert>

	<select id="getList" resultType="FreeBoardVO">
		select * from FREEBOARD order by bno desc
	</select>

	<select id="getContent" resultType="FreeBoardVO">
		select * from FREEBOARD where bno = #{bno}
	</select>	

	<update id="update">
		update FREEBOARD 
		set writer = #{writer}, 
			title = #{title}, 
			content = #{content}, 
			updatedate = sysdate 
		where bno = #{bno}
	</update>

	<delete id="delete">
		delete from FREEBOARD where bno = #{bno}
	</delete>




</mapper>